Type,Region1_Surprisal,Region2_Surprisal,Region3_Surprisal,Region4_Surprisal
OAA,7.62499738888889,11.35248761111111,10.8459635,10.549289138888888
OIA,8.867647833333333,11.17080522222222,9.7973035,10.412496527777778
SAA,7.62499738888889,11.35248761111111,8.635941194444445,10.616108277777776
SIA,8.867647833333333,11.17080522222222,9.099154694444444,10.212762111111111
