Type,Region1_Surprisal,Region2_Surprisal,Region3_Surprisal,Region4_Surprisal
Object-Subject-Inversion,6.731782900000001,11.38933035,8.57309435,11.9603567
Object-Topicalized,6.731782900000001,12.4002414,9.8758524,11.853762399999999
Subject,4.4044499,10.713254449999999,8.213762800000001,12.2904645
