Type,Region1_Surprisal,Region2_Surprisal,Region3_Surprisal
fullNP_OSV,23.688003416666664,8.43911175,12.488876249999999
fullNP_OVS,23.71139608333333,7.26783125,12.785206166666667
proNP_OSV,19.184025916666666,8.623217583333334,11.523837166666667
proNP_OVS,22.655929333333333,9.237905416666667,11.118378083333333
