Type,Region1_Surprisal,Region2_Surprisal,Region3_Surprisal,Region4_Surprisal
OAA,7.4028237500000005,11.401432416666667,11.294257027777778,10.254283555555554
OIA,8.711458694444445,11.620114833333334,10.007752916666668,10.786352166666667
SAA,7.4028237500000005,11.401432416666667,8.164863500000001,9.986787
SIA,8.711458694444445,11.620114833333334,8.666616222222222,10.053919444444444
