Type,Region1_Surprisal,Region2_Surprisal,Region3_Surprisal,Region4_Surprisal
Object-Subject-Inversion,6.51003285,11.2141164,8.354065199999999,11.93164515
Object-Topicalized,6.51003285,12.452240999999999,9.51552065,11.56228495
Subject,4.4181787,11.09111,8.3176754,12.4824975
