Type,Region1_Surprisal,Region2_Surprisal,Region3_Surprisal
fullNP_OSV,25.368304499999997,9.478085166666666,13.136262916666666
fullNP_OVS,24.430595,7.3757795,13.093619833333333
proNP_OSV,19.80067358333333,9.0454745,11.883718166666666
proNP_OVS,22.879431666666665,8.69152425,12.564571083333334
