type,region1_rrt,region2_rrt,region3_rrt,region4_rrt
Object-Subject-Inversion,420.07910447761196,968.6835820895523,979.3507462686567,738.8074626865672
Object-Topicalized,416.77910447761195,997.1388059701493,1013.8134328358209,798.5365671641791
Subject,412.4768656716418,920.439552238806,773.0641791044776,675.6082089552239
