Type,Region1_Surprisal,Region2_Surprisal,Region3_Surprisal,Region4_Surprisal
OAA,13.905587305555555,15.401708055555556,14.653273388888888,17.09085197222222
OIA,13.507867305555557,15.214285194444443,14.707371944444443,16.922645333333335
SAA,13.905587305555555,15.401708055555556,15.281732416666667,17.13389108333333
SIA,13.507867305555557,15.214285194444443,15.505378,17.018496444444445
