Type,Region1_Surprisal,Region2_Surprisal,Region3_Surprisal
fullNP_OSV,37.966691000000004,18.355907416666668,15.342805333333333
fullNP_OVS,36.2946445,12.568564583333334,14.93212675
proNP_OSV,24.751006166666667,16.102518749999998,14.8010045
proNP_OVS,27.861622916666665,8.820793166666666,13.841256083333334
