Type,Region1_Surprisal,Region2_Surprisal,Region3_Surprisal,Region4_Surprisal
Object-Subject-Inversion,7.6117155,19.0640609,13.093583900000002,13.0037236
Object-Topicalized,7.6117155,17.97694405,15.063915500000002,13.2455313
Subject,7.93691075,20.030566099999998,13.6915029,12.80551085
